,edadhom,edadmuj,anoreg,anoocu,mesreg,mesocu,diaocu
edadhom,1.0,0.7997837375149343,0.06059236385073877,0.06383332929643791,0.0005621516309553634,0.0031328013127802285,-0.0002450606277795598
edadmuj,0.7997837375149343,1.0,0.08730825482063778,0.08947469547811748,0.006508296765210266,0.004503762881282269,0.0019528385688399146
anoreg,0.06059236385073877,0.08730825482063778,1.0,0.9933614562681536,-0.06514084844034507,0.05868923075014949,0.0028861586913910943
anoocu,0.06383332929643791,0.08947469547811748,0.9933614562681536,1.0,-0.002402548001159312,-0.0014283683473462934,0.00282881910434389
mesreg,0.0005621516309553634,0.006508296765210266,-0.06514084844034507,-0.002402548001159312,1.0,0.1582710157328327,0.014049314442644503
mesocu,0.0031328013127802285,0.004503762881282269,0.05868923075014949,-0.0014283683473462934,0.1582710157328327,1.0,-0.034767654666822884
diaocu,-0.0002450606277795598,0.0019528385688399146,0.0028861586913910943,0.00282881910434389,0.014049314442644503,-0.034767654666822884,1.0
